{
  "main": {
    "id": "b623e33a7f376c6d",
    "type": "split",
    "children": [
      {
        "id": "5db4732375945a9d",
        "type": "tabs",
        "children": [
          {
            "id": "dfafe981e34e512b",
            "type": "leaf",
            "state": {
              "type": "markdown",
              "state": {
                "file": "1-行测/1-4 判断/结构类似.md",
                "mode": "source",
                "source": false
              },
              "icon": "lucide-file",
              "title": "结构类似"
            }
          }
        ]
      }
    ],
    "direction": "vertical"
  },
  "left": {
    "id": "e9abe701a1c66aad",
    "type": "split",
    "children": [
      {
        "id": "e13a92c08b40d1ae",
        "type": "tabs",
        "children": [
          {
            "id": "35d84331d47535ad",
            "type": "leaf",
            "state": {
              "type": "file-explorer",
              "state": {
                "sortOrder": "byCreatedTimeReverse"
              },
              "icon": "lucide-folder-closed",
              "title": "文件列表"
            }
          },
          {
            "id": "766e6ca69d9debae",
            "type": "leaf",
            "state": {
              "type": "search",
              "state": {
                "query": "",
                "matchingCase": false,
                "explainSearch": false,
                "collapseAll": false,
                "extraContext": false,
                "sortOrder": "alphabetical"
              },
              "icon": "lucide-search",
              "title": "搜索"
            }
          },
          {
            "id": "ea5a27424decb0fe",
            "type": "leaf",
            "state": {
              "type": "bookmarks",
              "state": {},
              "icon": "lucide-bookmark",
              "title": "书签"
            }
          }
        ]
      }
    ],
    "direction": "horizontal",
    "width": 323.5
  },
  "right": {
    "id": "7dfcfc85f053dcea",
    "type": "split",
    "children": [
      {
        "id": "497ee3f4c650fe3f",
        "type": "tabs",
        "children": [
          {
            "id": "5d6b78d5d49ced9a",
            "type": "leaf",
            "state": {
              "type": "backlink",
              "state": {
                "file": "2-申论/真题/2024江苏C/问题四.md",
                "collapseAll": false,
                "extraContext": false,
                "sortOrder": "alphabetical",
                "showSearch": false,
                "searchQuery": "",
                "backlinkCollapsed": false,
                "unlinkedCollapsed": true
              },
              "icon": "links-coming-in",
              "title": "问题四 的反向链接列表"
            }
          },
          {
            "id": "d4c09d9175994851",
            "type": "leaf",
            "state": {
              "type": "outgoing-link",
              "state": {
                "file": "2-申论/真题/2022国考行政执法/问题二.md",
                "linksCollapsed": false,
                "unlinkedCollapsed": true
              },
              "icon": "links-going-out",
              "title": "问题二 的出链列表"
            }
          },
          {
            "id": "aad1e89f214a89ff",
            "type": "leaf",
            "state": {
              "type": "tag",
              "state": {
                "sortOrder": "frequency",
                "useHierarchy": true
              },
              "icon": "lucide-tags",
              "title": "标签"
            }
          },
          {
            "id": "8aa826704f145e60",
            "type": "leaf",
            "state": {
              "type": "outline",
              "state": {
                "file": "1-行测/1-4 判断/结构类似.md"
              },
              "icon": "lucide-list",
              "title": "结构类似 的大纲"
            }
          }
        ],
        "currentTab": 3
      }
    ],
    "direction": "horizontal",
    "width": 300,
    "collapsed": true
  },
  "left-ribbon": {
    "hiddenItems": {
      "remotely-save:Remotely Save": false,
      "switcher:打开快速切换": false,
      "graph:查看关系图谱": false,
      "canvas:新建白板": false,
      "daily-notes:打开/创建今天的日记": false,
      "templates:插入模板": false,
      "command-palette:打开命令面板": false,
      "obsidian-advanced-slides:Show Slide Preview": false,
      "random-note:开始漫游笔记": false
    }
  },
  "active": "dfafe981e34e512b",
  "lastOpenFiles": [
    "1-行测/1-4 判断/图形推理.md",
    "1-行测/1-4 判断/结构类似.md",
    "ASSETS/Pasted image 20241213164309.png",
    "1-行测/1-1 常识/2025国考政治理论时政.md",
    "1-行测/1-1 常识/党的知识学习词典/党的创新理论.md",
    "2-申论/真题/2023江苏C/问题一.md",
    "2-申论/真题/2023江苏C/问题二.md",
    "ASSETS/Pasted image 20241205163127.png",
    "ASSETS/Pasted image 20241205163059.png",
    "2-申论/真题/2023江苏C/问题四.md",
    "2-申论/真题/2023江苏C/问题三.md",
    "2-申论/好句赏析/默写.md",
    "2-申论/真题/2023江苏C",
    "2-申论/真题/2024江苏C - 副本/问题四.md",
    "2-申论/真题/2024江苏C - 副本/问题二.md",
    "2-申论/真题/2024江苏C - 副本/问题三.md",
    "2-申论/真题/2024江苏C - 副本/问题一.md",
    "2-申论/真题/2024江苏C - 副本",
    "2-申论/好句赏析/好句子.md",
    "2-申论/文章积累/六尺巷礼让之光必将照亮未来的路.md",
    "3-工具/bei/~$db.xlsx",
    "3-工具/bei/xlsx.min.js",
    "3-工具/bei/vue.js",
    "3-工具/bei/index.html",
    "3-工具/bei/db.xlsx",
    "3-工具/bei",
    "3-工具/未命名",
    "3-工具",
    "2-申论/文章积累/提升行政执法质量 增强群众法治获得感.md",
    "2-申论/文章积累/善用群众工作的三把“金钥匙”.md",
    "2-申论/文章积累/讲好中国故事，推动中华文化走出去.md",
    "1-行测/1-1 常识/党的知识学习词典/党史知识.md",
    "2-申论/文章积累/绘写“千万工程”新画卷.md",
    "2-申论/文章积累/以智能科技助力高质量发展.md",
    "2-申论/文章积累/以科技助力高质量发展.md",
    "2-申论/真题/2023江苏B/问题三.md",
    "2-申论/文章积累/让乡村特色产业各展其长.md",
    "2-申论/文章积累/坚持问题导向推进基层治理现代化.md",
    "2-申论/文章积累/坚持好、发展好新时代“枫桥经验”.md",
    "ASSETS/Pasted image 20241129174346.png",
    "ASSETS/Pasted image 20241129174239.png",
    "ASSETS/Pasted image 20241129174115.png",
    "ASSETS/Pasted image 20241129174028.png",
    "ASSETS/Pasted image 20241128215822.png",
    "ASSETS/Pasted image 20241128215810.png",
    "ASSETS/Pasted image 20241128215801.png"
  ]
}